First Name,Last Name,Email,Address,Phone Number,Country
Alice,Smith,alice.smith@example.com,123 Maple St,555-1234,USA
Bob,Johnson,bob.johnson@example.com,456 Oak St,555-5678,Canada
Charlie,Williams,charlie.williams@example.com,789 Pine St,555-9012,UK
David,Brown,david.brown@example.com,101 Birch St,555-3456,Australia
Eva,Jones,eva.jones@example.com,202 Cedar St,555-7890,Germany
Frank,Garcia,frank.garcia@example.com,303 Spruce St,555-2345,France
Grace,Miller,grace.miller@example.com,404 Elm St,555-6789,Italy
Hannah,Davis,hannah.davis@example.com,505 Fir St,555-1235,Spain
Ivan,Rodriguez,ivan.rodriguez@example.com,606 Willow St,555-5679,Netherlands
Jack,Martinez,jack.martinez@example.com,707 Aspen St,555-9013,Sweden
Karen,Hernandez,karen.hernandez@example.com,808 Cypress St,555-3457,Japan
Leo,Lopez,leo.lopez@example.com,909 Alder St,555-7891,South Korea
Mona,Gonzalez,mona.gonzalez@example.com,1010 Redwood St,555-2346,China
Nina,Wilson,nina.wilson@example.com,1111 Palm St,555-6780,India
Oscar,Anderson,oscar.anderson@example.com,1212 Ash St,555-1236,Brazil
Paul,Thomas,paul.thomas@example.com,1313 Beech St,555-5670,Russia
Quinn,Taylor,quinn.taylor@example.com,1414 Cedar St,555-9014,Mexico
Rachel,Moore,rachel.moore@example.com,1515 Maple St,555-3458,Argentina
Sam,Jackson,sam.jackson@example.com,1616 Oak St,555-7892,Chile
Tina,Martin,tina.martin@example.com,1717 Pine St,555-2347,Colombia
Uma,Lee,uma.lee@example.com,1818 Birch St,555-6781,Peru
Victor,Perez,victor.perez@example.com,1919 Cedar St,555-1237,Venezuela
Wendy,Thompson,wendy.thompson@example.com,2020 Spruce St,555-5671,Cuba
Xander,White,xander.white@example.com,2121 Elm St,555-9015,Costa Rica
Yara,Harris,yara.harris@example.com,2222 Fir St,555-3459,Panama
Zane,Sanchez,zane.sanchez@example.com,2323 Willow St,555-7893,Uruguay
Liam,King,liam.king@example.com,2424 Aspen St,555-2348,Ecuador
Olivia,Wright,olivia.wright@example.com,2525 Cypress St,555-6782,Paraguay
Noah,Scott,noah.scott@example.com,2626 Alder St,555-1238,Bolivia
Emma,Green,emma.green@example.com,2727 Redwood St,555-5672,Honduras
Aiden,Baker,aiden.baker@example.com,2828 Palm St,555-9016,El Salvador
Sophia,Adams,sophia.adams@example.com,2929 Ash St,555-3460,Guatemala
Lucas,Nelson,lucas.nelson@example.com,3030 Beech St,555-7894,Nicaragua
Mia,Carter,mia.carter@example.com,3131 Maple St,555-2349,Trinidad and Tobago
Ethan,Mitchell,ethan.mitchell@example.com,3232 Oak St,555-6783,Jamaica
Isabella,Rogers,isabella.rogers@example.com,3333 Pine St,555-1239,Barbados
James,Reed,james.reed@example.com,3434 Birch St,555-5673,Bahamas
Ava,Cook,ava.cook@example.com,3535 Cedar St,555-9017,Antigua and Barbuda
Benjamin,Morgan,benjamin.morgan@example.com,3636 Spruce St,555-3461,Saint Kitts and Nevis
Charlotte,Bell,charlotte.bell@example.com,3737 Elm St,555-7895,Saint Lucia
