First Name,Last Name,Job Title,Company,Salary,Date of Birth
Alice,Smith,Software Engineer,TechCorp,85000,1990-04-25
Bob,Johnson,Data Analyst,DataInc,65000,1985-08-14
Charlie,Williams,Project Manager,BuildIt,90000,1978-02-10
David,Brown,Designer,CreateX,72000,1992-11-05
Eva,Jones,Marketing Specialist,MarketMakers,60000,1987-06-20
Frank,Garcia,System Administrator,NetSolutions,80000,1991-03-15
Grace,Miller,Product Manager,ProdStars,95000,1984-07-30
Hannah,Davis,UX Researcher,UserTest,71000,1993-12-08
Ivan,Rodriguez,DevOps Engineer,CloudWorks,87000,1989-10-12
Jack,Martinez,Data Scientist,BigDataCorp,92000,1986-01-17
Karen,Hernandez,Web Developer,WebWorld,78000,1994-09-26
Leo,Lopez,Cybersecurity Analyst,SecureNet,85000,1988-05-19
Mona,Gonzalez,Network Engineer,ConnectTech,83000,1990-02-22
Nina,Wilson,Content Strategist,ContentMasters,67000,1983-11-01
Oscar,Anderson,Mobile Developer,AppCreators,76000,1982-03-27
Paul,Thomas,Business Analyst,BizAnalytica,69000,1985-07-11
Quinn,Taylor,Cloud Architect,CloudDesigns,93000,1992-05-03
Rachel,Moore,SEO Specialist,SearchEnginePros,64000,1987-10-28
Sam,Jackson,Tech Support Specialist,SupportHeroes,58000,1995-08-06
Tina,Martin,Database Administrator,DataGuardians,89000,1989-12-22
Uma,Lee,Full Stack Developer,FullStackers,85000,1986-09-15
Victor,Perez,IT Consultant,ConsultancyPlus,91000,1990-06-01
Wendy,Thompson,QA Engineer,QualityFirst,75000,1987-03-19
Xander,White,Blockchain Developer,CryptoTech,96000,1991-11-11
Yara,Harris,AI Engineer,AIMasters,105000,1984-04-08
Zane,Sanchez,Robotics Engineer,RoboticsHub,98000,1988-01-23
Liam,King,Game Developer,GameMakers,72000,1983-06-30
Olivia,Wright,IT Manager,ITPro,94000,1985-02-14
Noah,Scott,Machine Learning Engineer,MLWorks,102000,1989-07-07
Emma,Green,System Analyst,SystemExperts,67000,1981-12-19
Aiden,Baker,Technical Writer,DocMasters,60000,1994-05-25
Sophia,Adams,Data Engineer,DataCrafters,93000,1986-11-09
Lucas,Nelson,IT Support Technician,TechSupportNow,55000,1993-01-02
Mia,Carter,Front End Developer,WebDesigns,78000,1990-03-30
Ethan,Mitchell,Back End Developer,ServerSideTech,82000,1988-08-21
Isabella,Rogers,UI Designer,UIDesignPro,71000,1987-09-04
James,Reed,Network Administrator,NetAdmins,80000,1992-04-12
Ava,Cook,Cloud Developer,CloudInnovations,87000,1990-06-29
Benjamin,Morgan,Security Engineer,SafeNet,90000,1985-03-15
Charlotte,Bell,Site Reliability Engineer,WebReliability,95000,1989-02-27
